{
  "0.0": 17625.44921875,
  "0.025": 17894.408203125,
  "0.05": 18001.53515625,
  "0.07500000000000001": 18079.708984375,
  "0.1": 18112.09375,
  "0.125": 18131.337890625,
  "0.15000000000000002": 18127.568359375,
  "0.17500000000000002": 18117.14453125,
  "0.2": 18120.720703125,
  "0.225": 18141.25,
  "0.25": 18157.98046875,
  "0.275": 18148.361328125,
  "0.30000000000000004": 18044.484375,
  "0.325": 18088.314453125,
  "0.35000000000000003": 18110.65234375,
  "0.375": 18152.748046875,
  "0.4": 18174.212890625,
  "0.42500000000000004": 18194.30078125,
  "0.45": 18198.7421875,
  "0.47500000000000003": 18224.521484375,
  "0.5": 18221.203125,
  "0.525": 18200.7578125,
  "0.55": 18236.513671875,
  "0.5750000000000001": 18230.970703125,
  "0.6000000000000001": 18154.4765625,
  "0.625": 18223.576171875,
  "0.65": 18286.759765625,
  "0.675": 18319.98046875,
  "0.7000000000000001": 18353.267578125,
  "0.7250000000000001": 18352.623046875,
  "0.75": 18372.828125,
  "0.775": 18384.2421875,
  "0.8": 18407.8359375,
  "0.8250000000000001": 18441.88671875,
  "0.8500000000000001": 18437.015625,
  "0.875": 18427.48828125,
  "0.9": 18289.375,
  "0.925": 18347.896484375,
  "0.9500000000000001": 18377.41796875,
  "0.9750000000000001": 18437.697265625,
  "1.0": 18467.814453125,
  "1.0250000000000001": 18484.740234375,
  "1.05": 18506.46875,
  "1.075": 18489.068359375,
  "1.1": 18502.712890625,
  "1.125": 18509.16796875,
  "1.1500000000000001": 18512.509765625,
  "1.175": 18525.38671875,
  "1.2000000000000002": 18449.97265625,
  "1.225": 18550.1484375,
  "1.25": 18610.11328125,
  "1.2750000000000001": 18637.486328125,
  "1.3": 18651.05078125,
  "1.3250000000000002": 18678.98046875,
  "1.35": 18690.41015625,
  "1.375": 18707.91015625,
  "1.4000000000000001": 18716.9375,
  "1.425": 18691.568359375,
  "1.4500000000000002": 18686.35546875,
  "1.475": 18675.177734375,
  "1.5": 18573.3515625,
  "1.5250000000000001": 18651.62890625,
  "1.55": 18692.44140625,
  "1.5750000000000002": 18697.724609375,
  "1.6": 18722.560546875,
  "1.625": 18730.181640625,
  "1.6500000000000001": 18716.81640625,
  "1.675": 18703.140625,
  "1.7000000000000002": 18713.486328125,
  "1.725": 18718.126953125,
  "1.75": 18709.841796875,
  "1.7750000000000001": 18705.806640625,
  "1.8": 18569.990234375,
  "1.8250000000000002": 18628.90234375,
  "1.85": 18646.4375,
  "1.875": 18681.52734375,
  "1.9000000000000001": 18676.43359375,
  "1.925": 18709.958984375,
  "1.9500000000000002": 18739.71875,
  "1.975": 18725.33203125,
  "2.0": 18730.638671875,
  "2.025": 18689.708984375,
  "2.0500000000000003": 18708.09375,
  "2.075": 18714.123046875,
  "2.1": 18583.03515625,
  "2.125": 18679.134765625,
  "2.15": 18711.703125,
  "2.1750000000000003": 18723.03125,
  "2.2": 18719.294921875,
  "2.225": 18736.458984375,
  "2.25": 18734.943359375,
  "2.275": 18739.607421875,
  "2.3000000000000003": 18759.46875,
  "2.325": 18735.005859375,
  "2.35": 18725.505859375,
  "2.375": 18722.21875,
  "2.4000000000000004": 18587.1171875,
  "2.4250000000000003": 18670.271484375,
  "2.45": 18733.001953125,
  "2.475": 18732.056640625,
  "2.5": 18733.578125,
  "2.5250000000000004": 18751.822265625,
  "2.5500000000000003": 18736.052734375,
  "2.575": 18758.9453125,
  "2.6": 18740.984375,
  "2.625": 18748.765625,
  "2.6500000000000004": 18738.0390625,
  "2.6750000000000003": 18753.029296875,
  "2.7": 18635.431640625,
  "2.725": 18714.958984375,
  "2.75": 18739.90625,
  "2.7750000000000004": 18748.861328125,
  "2.8000000000000003": 18731.75,
  "2.825": 18714.046875,
  "2.85": 18695.07421875,
  "2.875": 18712.708984375,
  "2.9000000000000004": 18700.552734375,
  "2.9250000000000003": 18701.544921875,
  "2.95": 18668.03125,
  "2.975": 18668.12109375,
  "3.0": 18536.8828125,
  "3.0250000000000004": 18593.78515625,
  "3.0500000000000003": 18645.181640625,
  "3.075": 18674.220703125,
  "3.1": 18681.83203125,
  "3.125": 18667.654296875,
  "3.1500000000000004": 18655.271484375,
  "3.1750000000000003": 18657.54296875,
  "3.2": 18635.4765625,
  "3.225": 18639.05078125,
  "3.25": 18623.1953125,
  "3.2750000000000004": 18627.4296875,
  "3.3000000000000003": 18531.205078125,
  "3.325": 18625.052734375,
  "3.35": 18644.302734375,
  "3.375": 18649.23828125,
  "3.4000000000000004": 18651.94140625,
  "3.4250000000000003": 18669.55859375,
  "3.45": 18627.673828125,
  "3.475": 18616.166015625,
  "3.5": 18606.333984375,
  "3.5250000000000004": 18609.314453125,
  "3.5500000000000003": 18605.5546875,
  "3.575": 18609.359375,
  "3.6": 18455.16796875,
  "3.625": 18564.111328125,
  "3.6500000000000004": 18590.037109375,
  "3.6750000000000003": 18594.041015625,
  "3.7": 18613.880859375,
  "3.725": 18638.365234375,
  "3.75": 18635.90234375,
  "3.7750000000000004": 18613.615234375,
  "3.8000000000000003": 18603.9375,
  "3.825": 18602.64453125,
  "3.85": 18591.35546875,
  "3.875": 18581.771484375,
  "3.9000000000000004": 18441.744140625,
  "3.9250000000000003": 18534.806640625,
  "3.95": 18545.7109375,
  "3.975": 18578.30078125,
  "4.0": 18559.576171875,
  "4.025": 18568.28125,
  "4.05": 18586.037109375,
  "4.075": 18596.89453125,
  "4.1000000000000005": 18601.90625,
  "4.125": 18604.60546875,
  "4.15": 18621.205078125,
  "4.175": 18609.330078125,
  "4.2": 18449.64453125,
  "4.2250000000000005": 18518.509765625,
  "4.25": 18562.36328125,
  "4.275": 18582.181640625,
  "4.3": 18584.197265625,
  "4.325": 18585.9140625,
  "4.3500000000000005": 18579.65625,
  "4.375": 18589.263671875,
  "4.4": 18596.173828125,
  "4.425": 18614.19921875,
  "4.45": 18613.255859375,
  "4.4750000000000005": 18617.099609375,
  "4.5": 18466.501953125,
  "4.525": 18553.49609375,
  "4.55": 18604.177734375,
  "4.575": 18614.1640625,
  "4.6000000000000005": 18640.27734375,
  "4.625": 18645.884765625,
  "4.65": 18632.48046875,
  "4.675": 18624.591796875,
  "4.7": 18620.6953125,
  "4.7250000000000005": 18611.380859375,
  "4.75": 18599.6171875,
  "4.775": 18617.033203125,
  "4.800000000000001": 18464.197265625,
  "4.825": 18546.947265625,
  "4.8500000000000005": 18577.587890625,
  "4.875": 18602.0078125,
  "4.9": 18629.7578125,
  "4.925000000000001": 18629.884765625,
  "4.95": 18637.19140625,
  "4.9750000000000005": 18630.603515625,
  "5.0": 18638.634765625,
  "5.025": 18633.0625,
  "5.050000000000001": 18627.283203125,
  "5.075": 18621.78125,
  "5.1000000000000005": 18450.859375,
  "5.125": 18523.45703125,
  "5.15": 18549.37109375,
  "5.175000000000001": 18565.744140625,
  "5.2": 18588.416015625,
  "5.2250000000000005": 18603.064453125,
  "5.25": 18612.423828125,
  "5.275": 18618.568359375,
  "5.300000000000001": 18606.794921875,
  "5.325": 18633.10546875,
  "5.3500000000000005": 18619.056640625,
  "5.375": 18617.3359375,
  "5.4": 18479.876953125,
  "5.425000000000001": 18553.98046875,
  "5.45": 18570.095703125,
  "5.4750000000000005": 18592.453125,
  "5.5": 18611.779296875,
  "5.525": 18615.552734375
}
