{"0.0": 17625.44921875, "0.04": 16968.2265625, "0.08": 16983.638671875, "0.12": 17266.306640625, "0.16": 17227.26171875, "0.2": 18120.720703125, "0.24": 17384.814453125, "0.28": 17296.154296875, "0.32": 17297.740234375, "0.36": 17348.4765625, "0.4": 18174.212890625, "0.44": 17243.24609375, "0.48": 17291.884765625, "0.52": 17136.51953125, "0.56": 17136.03125, "0.6": 17170.1953125, "0.64": 17143.525390625, "0.68": 17149.31640625, "0.72": 17310.80078125, "0.76": 17295.609375, "0.8": 18407.8359375, "0.84": 17454.58984375, "0.88": 17259.626953125, "0.92": 17251.22265625, "0.96": 17257.77734375, "1.0": 18467.814453125, "1.04": 17153.349609375, "1.08": 17180.396484375, "1.12": 17127.68359375, "1.16": 17130.455078125, "1.2": 17223.88671875, "1.24": 17175.646484375, "1.28": 17180.80859375, "1.32": 17273.916015625, "1.36": 17228.25390625, "1.4000000000000001": 18716.9375, "1.44": 17304.56640625, "1.48": 17189.125, "1.52": 17187.9296875, "1.56": 17224.791015625, "1.6": 18722.560546875, "1.6400000000000001": 17099.3359375, "1.68": 17118.568359375, "1.72": 17044.337890625, "1.76": 17044.611328125, "1.8": 18569.990234375, "1.84": 17011.330078125, "1.8800000000000003": 17014.486328125, "1.92": 17057.84765625, "1.96": 16977.91796875, "2.0": 18730.638671875, "2.04": 17010.923828125, "2.08": 16971.017578125, "2.12": 16974.71875, "2.16": 17076.666015625, "2.2": 18719.294921875, "2.24": 17032.357421875, "2.2800000000000002": 17100.33984375, "2.32": 16937.380859375, "2.36": 16935.609375, "2.4": 17112.02734375, "2.44": 17051.46484375, "2.48": 17060.8828125, "2.52": 17178.443359375, "2.56": 17135.314453125, "2.6": 18740.984375, "2.64": 17215.42578125, "2.68": 17130.654296875, "2.72": 17129.54296875, "2.7600000000000007": 17175.54296875, "2.8000000000000003": 18731.75, "2.84": 17093.6328125, "2.88": 17122.30078125, "2.92": 17028.193359375, "2.96": 17027.84765625, "3.0": 18536.8828125, "3.04": 17015.412109375, "3.08": 17016.677734375, "3.12": 17074.6796875, "3.16": 17022.037109375, "3.2": 18635.4765625, "3.24": 17076.62890625, "3.2800000000000002": 17005.45703125, "3.3200000000000003": 17002.951171875, "3.36": 17032.275390625, "3.4": 16999.447265625, "3.44": 17003.146484375, "3.48": 17117.5546875, "3.52": 17105.755859375, "3.56": 17110.78125, "3.6": 17261.5078125, "3.64": 17220.7578125, "3.68": 17224.3828125, "3.72": 17328.79296875, "3.7600000000000007": 17292.646484375, "3.8000000000000003": 17292.400390625, "3.84": 17345.19921875, "3.88": 17286.2109375, "3.92": 17285.712890625, "3.96": 17337.3515625, "4.0": 17267.63671875, "4.04": 17269.869140625, "4.08": 17317.01953125, "4.12": 17236.611328125, "4.16": 17236.36328125, "4.2": 17270.984375, "4.24": 17233.271484375, "4.28": 17238.896484375, "4.32": 17321.494140625, "4.36": 17292.88671875, "4.4": 17294.37109375, "4.44": 17353.5546875, "4.48": 17239.623046875, "4.520000000000001": 17239.55859375, "4.5600000000000005": 17279.705078125, "4.6000000000000005": 17218.771484375, "4.64": 17218.88671875, "4.68": 17261.736328125, "4.72": 17229.677734375, "4.76": 17276.583984375, "4.8": 17303.87890625, "4.84": 17149.650390625, "4.88": 17156.974609375, "4.92": 17214.40234375, "4.96": 17151.638671875, "5.0": 17147.26953125, "5.04": 17234.2734375, "5.08": 17199.16015625, "5.12": 17204.3671875, "5.16": 17355.48828125, "5.2": 17217.61328125, "5.24": 17207.47265625, "5.28": 17232.076171875, "5.32": 17123.861328125, "5.36": 17124.62890625, "5.4": 17155.0703125, "5.44": 17116.580078125, "5.48": 17119.009765625, "5.520000000000001": 17231.609375, "5.5600000000000005": 17208.875, "5.6000000000000005": 17208.01171875, "5.64": 17318.28515625, "5.68": 17252.15234375, "5.72": 17252.04296875, "5.76": 17302.64453125, "5.8": 17234.53125, "5.84": 17234.689453125, "5.88": 17269.806640625, "5.92": 17194.771484375, "5.96": 17196.80078125, "6.0": 17233.783203125, "6.04": 17191.291015625, "6.08": 17191.80078125, "6.12": 17274.583984375, "6.16": 17240.8828125, "6.2": 17241.9296875, "6.24": 17322.095703125, "6.28": 17264.478515625, "6.32": 17263.599609375, "6.36": 17311.435546875, "6.4": 17205.64453125, "6.44": 17205.2421875, "6.48": 17234.84765625, "6.520000000000001": 17159.248046875, "6.5600000000000005": 17156.794921875, "6.6000000000000005": 17191.8046875, "6.640000000000001": 17124.611328125, "6.68": 17124.494140625, "6.72": 17174.052734375, "6.76": 17121.2421875, "6.8": 17124.060546875, "6.84": 17179.65234375, "6.88": 17158.375, "6.92": 17157.9375, "6.96": 17291.994140625, "7.0": 17267.06640625, "7.04": 17268.70703125, "7.08": 17347.728515625, "7.12": 17155.443359375, "7.16": 17155.181640625, "7.2": 17272.60546875, "7.24": 17207.609375, "7.28": 17209.044921875, "7.32": 17294.814453125, "7.36": 17241.720703125, "7.4": 17246.68359375, "7.44": 17313.69921875, "7.48": 17214.107421875, "7.520000000000001": 17208.861328125, "7.5600000000000005": 17269.93359375, "7.6000000000000005": 17201.46484375, "7.640000000000001": 17200.265625, "7.68": 17245.623046875, "7.72": 17154.07421875, "7.76": 17152.7109375, "7.8": 17212.65234375, "7.84": 17156.306640625, "7.88": 17155.912109375, "7.92": 17196.986328125, "7.96": 17139.26953125, "8.0": 17140.46875, "8.040000000000001": 17182.533203125, "8.08": 17122.61328125, "8.120000000000001": 17123.494140625, "8.16": 17201.775390625, "8.2": 17176.173828125, "8.24": 17179.505859375, "8.28": 17298.994140625, "8.32": 17262.759765625, "8.36": 17268.580078125, "8.4": 17405.2734375, "8.44": 17327.865234375, "8.48": 17327.91015625, "8.52": 17394.03515625, "8.56": 17306.123046875, "8.6": 17306.095703125, "8.64": 17337.33984375, "8.68": 17238.59765625, "8.72": 17239.365234375, "8.76": 17265.248046875, "8.8": 17212.23828125, "8.84": 17214.23828125, "8.88": 17263.08203125, "8.92": 17236.015625, "8.96": 17235.43359375, "9.0": 17303.654296875, "9.040000000000003": 17200.744140625, "9.08": 17195.67578125, "9.120000000000001": 17224.103515625, "9.16": 17185.80859375, "9.200000000000001": 17187.60546875, "9.24": 17257.505859375, "9.28": 17258.265625, "9.32": 17261.921875, "9.36": 17447.05078125, "9.4": 17388.103515625, "9.44": 17391.5078125, "9.48": 17439.984375, "9.52": 17344.216796875, "9.56": 17367.345703125, "9.6": 17226.275390625, "9.64": 17047.853515625, "9.68": 17053.0546875, "9.72": 17135.93359375, "9.76": 17001.390625, "9.8": 17002.91015625, "9.84": 17058.6953125, "9.88": 17000.392578125, "9.92": 17006.228515625, "9.96": 17179.361328125, "10.0": 17130.267578125, "10.040000000000003": 17130.35546875, "10.08": 17209.654296875, "10.120000000000001": 17133.25390625, "10.16": 17131.39453125, "10.200000000000001": 17194.009765625, "10.24": 17137.365234375, "10.28": 17137.4921875, "10.32": 17235.837890625, "10.36": 17162.669921875, "10.4": 17162.388671875, "10.44": 17206.1796875, "10.48": 17098.84375, "10.52": 17098.05078125, "10.56": 17139.640625, "10.6": 17101.919921875, "10.64": 17102.63671875, "10.68": 17182.82421875, "10.72": 17146.8125, "10.76": 17148.419921875, "10.8": 17236.791015625, "0.025": 17894.408203125, "0.05": 18001.53515625, "0.07500000000000001": 18079.708984375, "0.1": 18112.09375, "0.125": 18131.337890625, "0.15000000000000002": 18127.568359375, "0.17500000000000002": 18117.14453125, "0.225": 18141.25, "0.25": 18157.98046875, "0.275": 18148.361328125, "0.30000000000000004": 18044.484375, "0.325": 18088.314453125, "0.35000000000000003": 18110.65234375, "0.375": 18152.748046875, "0.42500000000000004": 18194.30078125, "0.45": 18198.7421875, "0.47500000000000003": 18224.521484375, "0.5": 18221.203125, "0.525": 18200.7578125, "0.55": 18236.513671875, "0.5750000000000001": 18230.970703125, "0.6000000000000001": 18154.4765625, "0.625": 18223.576171875, "0.65": 18286.759765625, "0.675": 18319.98046875, "0.7000000000000001": 18353.267578125, "0.7250000000000001": 18352.623046875, "0.75": 18372.828125, "0.775": 18384.2421875, "0.8250000000000001": 18441.88671875, "0.8500000000000001": 18437.015625, "0.875": 18427.48828125, "0.9": 18289.375, "0.925": 18347.896484375, "0.9500000000000001": 18377.41796875,